company_address,company_telephone
福岡県糟屋郡粕屋町大字酒殿192-1(イオンモール福岡),096-378-0657
糟屋郡粕屋町上大隈427(本社),092-938-7650
福岡県福岡市博多区博多駅東1丁目1-28 ウェル博多ビル 9F,092-260-7033
福岡県福岡市博多区博多駅東1丁目1-28 ウェル博多ビル 9F,092-260-7033
福岡県糸島市荻浦5丁目10番1号,092-330-7700
福岡県古賀市今の庄2丁目15番10号,092-943-6677
福岡県福岡市西区石丸3丁目3-9,0120-303-903
福岡県糸島市荻浦5丁目10番1号,092-330-7700
大野城市仲畑3丁目11-8,0120-680-343
糟屋郡粕屋町上大隈427(本社),092-938-7650
糟屋郡久山町大字猪野894-5,092-940-4600
福岡市博多区須崎町7-22-3F(事務所),0120-303-903
福岡市中央区天神2-14-2　福岡証券ビルB1F　,092-741-1168
福岡県福岡市東区松島3丁目5-5(福岡営業所),0964-22-3301
福岡県那珂川市片縄北1丁目3-26　1号室,092-403-5805
福岡市中央区天神2-14-2　福岡証券ビルB1F,092-741-1168
本社/福岡市東区箱崎ふ頭6-1-1,092-632-8967
大野城市御笠川4丁目4番3号,092-503-5554
福岡県古賀市青柳190-1,092-940-4600
福岡市中央区天神2-14-2　福岡証券ビルB1F,092-741-1168
福岡市中央区渡辺通5丁目23番8号　サンライトビル9F,092-751-1756
福岡県福岡市南区柳瀬1丁目26-3,092-582-3137
糟屋郡新宮町三代882-4,092-962-0531
福岡県糟屋郡須恵町佐谷995-1,092-692-8202
福岡県糟屋郡須恵町佐谷995-1,092-692-8202
筑紫野市二日市北5丁目7番10号,092-919-8730
福岡県大野城市乙金東3-1-12　〒816-0901,092-504-6355
福岡県筑紫野市大字古賀643-8,092-921-8400
福岡県糟屋郡須恵町旅石887-7,092-410-3943
福岡県大野城市御笠川2丁目4-16,092-558-5328
福岡県糟屋郡久山町山田1332-1,092-976-4132
福岡市中央区渡辺通5丁目23番8号　サンライトビル9F,092-751-1756
福岡市博多区比恵町16-14,092-710-6659
福岡県糟屋郡篠栗町乙犬987-1,092-948-1161
福岡市中央区天神2-6-16　リッチモンドホテル天神西通り内,090-5538-6847
福岡市西区橋本1-29,0942-94-3717
筑紫野市二日市北5丁目7番10号,092-919-8730
春日市白水ヶ丘6丁目115,092-586-9861
福岡県糟屋郡篠栗町乙犬995-2(福岡営業所),092-410-2308
〒815-0033 福岡県福岡市南区大橋1-7-15,092-552-4400
福岡市中央区港3-3-4,092-716-1780
福岡県糟屋郡新宮町立花口385-1,092-692-1153
福岡県糟屋郡須恵町旅石86-337　須恵第三小学校近く,092-937-1212
福岡県糟屋郡須恵町植木675-6,092-937-0964
福岡市博多区西月隈2-10,092-260-9506
福岡市西区戸切3丁目22-19,092-894-8890
福岡市中央区那の津4-3-6 天神タクシービル,092-761-1661
福岡市南区野間2-6-27(野間営業所),092-566-2600
福岡市西区上山門1-8-2,092-600-1922
福岡市博多区博多駅前3-23-17　第2福岡ONビル2階,092-433-7755
福岡市博多区千代5-10-7,0120-3838-05
福岡市中央区渡辺通5-20-7　上野ビル6階,092-791-8425
糟屋郡宇美町若草2丁目10番6号　宇美営業所,090-4481-3486
福岡市城南区東油山1-8-8,092-864-1017
糟屋郡粕屋町江辻1046,092-931-7011
福岡市城南区東油山1-8-8,092-864-1017
福岡市西区小戸4-19-20,092-881-0834
福岡市早良区重留2丁目4番10号,092-872-8032
勤務地／福岡県福岡市早良区高取1-1-49,06-6783-8181
福岡市南区野間3丁目3-6,092-541-0126
福岡県筑紫野市天山673-1,092-408-2165
福岡県糸島市有田中央2-3-20  (〒819-1127),0120-946-134
福岡市西区野方1-16-38　(野方交差点そば),092-894-8866
福岡県福岡市東区筥松1丁目15番1号,092-624-0691
福岡県福岡市東区唐原7-17-24,070-5275-0055
福岡市博多区博多駅前2-11-22　ライオンズマンションJOY博多405,0120-666-350
那珂川市松木2丁目64,090-3198-8045
福岡県糟屋郡宇美町貴船3-7-1,092-934-0100
福岡県福岡市早良区西新3-2-4　ARKNISHIJIN3階,06-6776-3210
福岡市南区清水1-2-16-207,090-8910-1814
福岡市中央区赤坂1-14-22　センチュリー赤坂門ビル5F・6F,0120-121-298
福岡市城南区別府4丁目14-21,092-596-7807
太宰府市宰府4-7-13,092-922-4120
福岡市中央区赤坂1-14-22　センチュリー赤坂門ビル5F・6F,0120-121-298
〒811-2104　糟屋郡宇美町大字井野229-1,092-932-5800
福岡市博多区博多駅南1-3-6　第3博多偕成ビル5F,092-451-6449
福岡市中央区天神1-1-1　アクロス福岡B2F,092-725-9097
福岡市中央区那の津4-3-6 天神タクシービル,092-761-1661
福岡市博多区博多駅東1-10-8　NIKKEN博多駅東ビル6F,0120-955-521
福岡県糟屋郡粕屋町戸原西1丁目8-12,092-939-3028
福岡県糟屋郡久山町山田1332-1,092-976-4132
福岡県大野城市仲畑3-1-8,092-592-5300
福岡市博多区千代3-51-2,090-7928-8184
福岡市博多区豊1丁目4番30号　1F,0120-109-399
福岡県太宰府市大字北谷949-1,092-928-2514
古賀市糸ケ浦30番地,092-939-5744
本社:福岡市中央区桜坂3-4-28　ハイムニュー桜坂2F,0120-088-442
福岡市東区塩浜1-9-1,092-606-6273
福岡市中央区天神3丁目5-18,092-737-3236
福岡市中央区大名2-3-10(ハローワーク前),092-741-8889
福岡県福岡市西区石丸3丁目3-9,0120-303-903
福岡県糸島市荻浦5丁目10番1号,092-330-7700
福岡県古賀市今の庄2丁目15番10号,092-943-6677
福岡市早良区原8丁目17-9,0120-566-717
福岡市博多区須崎町7-22-3F,0120-303-903
糟屋郡粕屋町上大隈427(本社),092-938-7650
広島県広島市南区京橋町7-18　新井ビル303号,092-260-7033
福岡市早良区原8丁目17-9,092-865-1344
福岡市博多区博多駅東1丁目1−28 ウェル博多ビル9F,092-260-7033
福岡県三潴郡大木町大角1615-3-101,090-2339-4659
福岡市東区箱崎7-7-27,0120-303-903
糟屋郡志免町別府北2丁目13-13,0120-001-433
福岡県三潴郡大木町大角1615-3-101,090-2339-4659
福岡市博多区堅粕3-1-19　YSビル305,092-409-0076
大野城市仲畑3丁目11-8,0120-680-343
福岡市博多区金の隈1-26-14,092-580-8400
糟屋郡志免町別府北2丁目13-13,0120-001-433
福岡市博多区綱場町8-23 朝日生命福岡昭和通ビル4F,092-262-1188
福岡県糟屋郡粕屋町大字戸原637番地,096-621-7888
福岡県古賀市今の庄2丁目15番10号,092-943-6677
福岡市博多区博多駅東1丁目1−28 ウェル博多ビル9F,092-402-9991
福岡県福岡市博多区博多駅東1丁目1-28 ウェル博多ビル 9F,092-260-7033
福岡県福岡市博多区博多駅東1丁目1-28 ウェル博多ビル 9F,092-260-7033
福岡県福岡市博多区綱場町8-23　朝日生命福岡昭和通りビル4F,092-262-1188
福岡県福岡市博多区綱場町8-23　朝日生命福岡昭和通りビル4F,092-262-1188
福岡西事業所:福岡市西区飯盛475-4,0948-42-7373
福岡市中央区那の津5-6-8(事務所),092-712-2057
福岡市南区長丘3-9-3,092-542-7088
福岡県筑紫野市杉塚1-2-2　オフィスパレアV　B-2,092-586-9273
福岡市博多区東比恵3-14-25,092-473-0101
本社/福岡県糟屋郡宇美町桜原1-32-32,092-932-7811
福岡県福岡市博多区立花寺1-1093(本部),090-4981-0034
〒823-0015　宮若市上有木1番地,0949-34-4089
長崎県対馬市厳原町久田道1661番地,092-712-2057
福岡市東区松島4-7-32,092-410-8005
福岡県糟屋郡篠栗町津波黒2丁目22-22,092-692-9058
福岡市東区箱崎ふ頭1-1-29,092-632-4151
福岡市中央区南公園1-1-1本社/福岡市中央区天神4-7-17　シンコービル1F(福岡税務署近く),0120-719-615
福岡市博多区祇園町1-38,092-281-1045
福岡県糟屋郡須恵町大字旅石912-1,092-410-4487
福岡市西区福重2-13-6,092-882-5555
福岡市博多区祇園町1-38,092-281-1045
糟屋郡宇美町障子岳南5丁目8-18,092-934-1169
福岡市南区長丘3-9-3,092-542-7088
福岡市中央区那の津4-3-6 天神タクシービル,092-761-1661
福岡市博多区東比恵3-14-25,092-473-0101
福岡市博多区東雲町4-3-20(福岡営業所),092-588-4377
福岡県糟屋郡篠栗町津波黒2丁目22-22,092-692-9058
福岡県宮若市水原70-1　トヨタリック九州株式会社工場内(勤務地),092-926-6525
福岡市中央区那の津4-3-6 天神タクシービル,092-761-1661
福岡市博多区那珂4-16-10,092-437-8078
福岡市中央区薬院1丁目13-8(九電不動産ビル地下1階),092-716-2476
福岡県福岡市中央区薬院2-5-30,090-8833-7488
福岡市中央区那の津4-3-6 天神タクシービル,092-761-1661
本社/福岡県糟屋郡宇美町桜原1-32-32,092-932-7811
那珂川市松原1-8,090-5922-6994
糟屋郡宇美町宇美4-12-19,092-957-9100
福岡西事業所:福岡市西区飯盛475-4,0948-42-7373
久留米市国分町御供田1596,0942-21-9739
(本社)〒812-0044　福岡市博多区千代4-29-46　アストール博多ビル6F,092-260-9404
糟屋郡宇美町神武原4-3-1,092-931-0870
福岡県福岡市博多区立花寺1-1093(本部),090-4981-0034
糟屋郡宇美町宇美4-12-19,092-957-9100
福岡市博多区綱場町7-1　リアンプレミアム呉服町ステーション2F,03-6912-7207
福岡市中央区清川2-16-3,092-522-8110
福岡市早良区城西2-6-27,092-844-1118
糟屋郡宇美町障子岳南5丁目8-18,092-934-1169
福岡市中央区舞鶴2-4-13　九州DKビル8F,092-771-8976
福岡市博多区須崎町1-1,092-283-2000
福岡市中央区舞鶴2-4-13　九州DKビル8F,092-771-8976
福岡市東区舞松原2丁目11-3　ファミーユ新盛第2ビル,0940-62-0502
福岡県糟屋郡須恵町大字旅石912-1,092-410-4487
福岡市博多区須崎町7-22-3F(事務所),0120-303-903
福岡市南区桧原6丁目4-22,092-404-0816
福岡市博多区綱場町7-1　リアンプレミアム呉服町ステーション2F,03-6912-7207
本社/福岡県糟屋郡宇美町桜原1-32-32,092-932-7811
福岡県福岡市博多区立花寺1-1093,090-4981-0034
福岡市東区松島3丁目3-31,092-409-0539
福岡県糟屋郡篠栗町津波黒2丁目22-22,092-692-9058
福岡県宮若市水原70-1　トヨタリック九州株式会社工場内(勤務地),092-926-6525
福岡市博多区東雲町4-3-20(福岡営業所),092-588-4377
長崎県対馬市厳原町久田道1661番地,092-712-2057
福岡県糟屋郡須恵町大字旅石912-1,092-410-4487
福岡県筑紫野市杉塚4丁目2-5,092-921-6767
福岡市東区香住ヶ丘6丁目4番5号　筑紫ビル3F,092-692-1062
福岡県筑紫野市杉塚1-2-2　オフィスパレアV　B-2,092-586-9273
福岡県糟屋郡須恵町大字植木245-1,092-936-4603
福岡市南区花畑2-35-23　セントラルビル2F,092-566-2600
糟屋郡宇美町3426-9(日建リース工業内),092-933-7711
福岡市中央区南公園1-1-1本社/福岡市中央区天神4-7-17　シンコービル1F(福岡税務署近く),0120-719-615
本社/福岡市東区箱崎ふ頭6-1-1,092-632-8967
福岡県糟屋郡須恵町大字植木245-1,092-936-4603
那珂川市別所541-1,092-952-2008
福岡市早良区城西2-6-27(本部),092-844-1118
福岡市博多区博多駅南1-3-8　博多パールビル804号,092-432-7727
福岡市中央区大名2-3-10(ハローワーク前),092-741-8889
糟屋郡宇美町若草2丁目10-7,0943-30-2882
大野城市月の浦1丁目18-5B-307,092-589-2299
福岡市東区蒲田3-9-19(福岡営業所),092-663-2337
〒812-0041　福岡市博多区吉塚4-3-34　サンヴュープロス　コーエイシステム4号,092-612-5231
福岡県糟屋郡須恵町須恵716-1,092-410-8698
福岡市博多区博多駅前3-18-27-1 コスモプラスビル8F,092-451-0722
那珂川市今光7丁目1番22号,092-952-7451
筑紫野市二日市北5丁目7番10号,092-924-4860
福岡市東区箱崎ふ頭4-1-35,092-632-2148
面接地:大野城市御笠川2-3-17,0120-70-4649
福岡市中央区薬院2-11-15,092-731-8860
福岡県糟屋郡久山町猪野575,092-410-0757
福岡県糟屋郡粕屋町内橋西3丁目7番14号,092-692-7641
福岡県糟屋郡久山町山田1760-1,092-976-1812
糟屋郡粕屋町戸原東2丁目1-29,092-938-4563
福岡県朝倉郡筑前町上高場1833-1,0946-23-9245
福岡県古賀市米多比林田1322-1,080-3973-3886
福岡市中央区薬院1-6-9　福岡ニッセイビル203,092-791-1727
福岡市東区箱崎ふ頭5-2-14,092-651-0292
福岡市中央区天神1-1-1　アクロス福岡地下2F,092-712-7010
福岡市博多区博多駅南1-3-6　第3博多偕成ビル5F,092-451-6449
〒815-0075　福岡市南区長丘2丁目27-3,092-519-3667
福岡市中央区清川2-6-23,092-522-0080
福岡市博多区下臼井767-1 5F,092-611-2359
大野城市仲畑1丁目2-10,092-586-1492
筑紫野市大字山家2832番地1号,092-926-1639
福岡県福岡市南区桧原7-43-33,092-564-1372
福岡県糟屋郡宇美町井野277-1,092-934-0148
＜本社＞福岡市早良区野芥3丁目4-2,0120-054-556
福岡市東区箱崎ふ頭5-2-14,092-651-0292
〒815-0075　福岡市南区長丘4丁目4-10(本社),092-561-2576
糟屋郡宇美町大字井野270-1,092-933-1161
福岡県糟屋郡粕屋町大字仲原2566-4,092-600-9512
朝倉郡筑前町中牟田838-6　(〒838-0226),0946-42-5514
福岡県糟屋郡篠栗町乙犬995-2(福岡営業所),092-410-2308
福岡市西区戸切3丁目34-12,092-407-7495
福岡市東区みなと香椎3丁目1-23,092-609-9317
福岡市南区的場2丁目21番地1号,092-571-1971
福岡県糟屋郡志免町別府東3丁目1番7号,092-936-1601
本社:福岡県大野城市御笠川3丁目15-10,0120-573-212
糟屋郡宇美町障子岳南5-8-18　江崎商運2F,092-957-6198
福岡市東区箱崎ふ頭5-4-10,092-651-5055
〒818-0047 福岡県筑紫野市古賀304,092-589-3175
福岡市博多区博多駅中央街5-11 第13泰平ビル9階,092-413-5700
福岡市南区的場1丁目3-26,092-581-2139
福岡市南区曰佐2丁目27-15　メゾンリビエラ203号,092-565-3777
福岡県大野城市乙金1丁目3-1,092-503-1888
糟屋郡新宮町立花口1445-4,092-941-5506
福岡市博多区博多駅南3丁目5番地35大蔵マンション502,096-389-5622
〒815-0075　福岡市南区長丘2丁目27-3,092-519-3667
古賀市青柳松本760-1,092-942-4571
福岡市東区松田2-565-3,070-2373-1000
大野城市御笠川3-15-8,092-504-5861
福岡市東区多の津4丁目18-16　ノースビル2階,092-621-1836
那珂川市今光7丁目1番22号,092-952-7451
糟屋郡志免町志免東3-15-23,092-931-2223
福岡県糟屋郡須惠町大字植木2047-42,092-931-2720
福岡市東区馬出3-2-21　ゆめタウン近く,092-632-8605
福岡市博多区博多駅南6丁目16-23,092-411-0225
福岡市博多区堅粕2丁目13番13号　御笠橋商店街内,092-641-5515
福岡県糟屋郡須恵町新原34-3(須恵物流センター),092-622-2130
福岡県糟屋郡篠栗町大字乙犬1052-1(本社事務所),092-719-1218
福岡県糟屋郡粕屋町仲原2546-1(本社),092-611-3151
福岡市東区箱崎ふ頭5-1-24,092-632-2390
福岡市中央区高砂2-24-23,092-533-0020
福岡市中央区赤坂1-14-22　センチュリー赤坂門ビル5F・6F,0120-121-298
朝倉郡筑前町中牟田838-6　(〒838-0226),0946-42-5514
糟屋郡志免町別府北4-7-1,092-626-8888
春日市須玖北4-20,092-862-0880
福岡市東区箱崎ふ頭4-12-1,092-643-5570
福岡市東区土井4-28-9,092-581-3965
福岡県筑紫野市大字古賀55-4,092-922-3080
福岡市南区横手4-7-16(本社),092-558-6143
福岡県大野城市仲畑2-8-19　オフィスパレア仲畑Ⅶ4号室,092-502-5505
〒811-2104　糟屋郡宇美町大字井野229-1,092-932-5800
〒812-0013 福岡市博多区博多駅東2-5-37,092-481-9641
福岡県筑紫野市大字筑紫982-1,092-926-7778
福岡市南区三宅3丁目13-6,092-551-5483
福岡市東区社領3-12-3,092-621-8334
糟屋郡宇美町桜原3-21-17,092-933-3787
福岡市東区箱崎ふ頭4丁目4-8,092-631-3377
福岡市東区東浜2-7-75　東浜ランプ横,092-641-5875
福岡市博多区月隈2丁目5-5,092-504-2421
福岡県糟屋郡久山町大字久原3204-1,092-976-4886
福岡市中央区赤坂1-14-22　センチュリー赤坂門ビル5F・6F,0120-121-298
福岡市東区社領1-6-20(九州倉庫内),092-622-7181
福岡市博多区須崎町7-22-3F(事務所),0120-303-903
春日市須玖北2-20　徳洲会病院近く,092-592-6604
福岡市中央区高砂2-24-23,092-533-0020
福岡市東区松島1-15-26(〒812-0062),092-622-2485
福岡市東区筥松新町1番26号,092-621-3220
福岡市博多区大井2-8-16,092-621-1701
福岡市東区馬出5-12-9,092-651-2153
春日市天神山4-3,092-591-8036
福岡市西区野方1-16-38　(野方交差点そば),092-894-8866
福岡市南区長住1-1-46,092-553-1270
福岡市東区土井3-21-1-2F,092-600-0176
宮若市金生2577-2,0949-55-3020
福岡市南区横手4-7-16(本社),092-558-6143
福岡市博多区博多駅前3-18-27-1 コスモプラスビル8F,092-451-0722
福岡市中央区天神2-3-24,096-321-6886
太宰府市国分3-10-5,092-408-4014
本社/福岡市博多区千代5-21-5　新井ビル1F,092-651-8983
福岡市中央区天神3-4-9　GGソーラービル7F(昭和通り沿い),092-739-1142
福岡県糟屋郡志免町南里2-11-11,092-692-9333
福岡県筑紫野市山家3730-81,092-919-8730
飯塚市大字津島281-82,0948-29-7060
那珂川市西畑443-3,080-4276-8844
福岡県筑紫野市筑紫117-67,090-9587-8795
福岡市中央区天神3丁目5-18,092-737-3237
福岡市博多区那珂1丁目3-37,092-982-0247
福岡県糟屋郡久山町久原3236　(株)肥後産業内,092-609-9993
糟屋郡新宮町立花口1445-4,092-941-5506
福岡市東区舞松原2丁目11-3　ファミーユ新盛第2ビル,0940-62-0502
福岡県糟屋郡粕屋町戸原西4-7-1(福岡営業所),no number
古賀市駅東3-3-1,092-940-4033
福岡市東区青葉1丁目4-21(事務所),080-8750-6084
福岡市東区塩浜1-9-1,092-606-6273
福岡市博多区御供所町5-8,092-271-2727
福岡市西区今宿青木390-13,092-805-8287
福岡県糟屋郡須恵町須恵346-54,080-5212-4466
福岡市博多区麦野5丁目13-38,090-1367-0875
福岡県大野城市仲畑3-1-8,092-592-5300
福岡県糟屋郡須恵町植木1934-1＜福岡営業所＞,092-936-9335
【本社:面接場所】糟屋郡宇美町宇美3426-1,092-692-5310
福岡市博多区板付1-4-12,092-471-6803
福岡県糟屋郡粕屋町大字上大隈397-1　(粕屋警察署近く),092-410-3220
遠賀郡遠賀町大字虫生津692-7,093-293-4587
福岡市博多区板付1-4-12,092-471-6803
福岡市博多区博多駅前3丁目18-21,092-452-4242
福岡市南区五十川2丁目25-26,092-501-2525
福岡市博多区博多駅東3-11-14-701,092-409-2255
那珂川市後野1丁目8番1号,092-952-2720
福岡県糟屋郡宇美町貴船3-7-1,092-934-0100
筑紫野市二日市北5丁目7番10号,092-924-4860
福岡県糟屋郡志免町田富1-5-1,092-937-3880
福岡市中央区長浜2-3-35(魚市場正門前),092-712-8811
福岡市博多区井相田1-10-1(福岡営業所),0940-36-5321
福岡市東区東浜2丁目8-91　(株)辻野　福岡物流センター3F,092-409-3399
太宰府市宰府4-7-13,092-922-4120
福岡市東区箱崎ふ頭5-1-24,092-632-2390
大野城市御笠川5-6-16,092-503-0861
鳥栖市弥生が丘8-1　プレミアムアウトレット館内,070-1007-1287
福岡県糟屋郡須恵町新原34-3(本社),092-622-2130
福岡市西区石丸3丁目1-1,092-881-2430
福岡市博多区東平尾2-4-1,092-651-1222
糟屋郡志免町別府北4-7-1,092-626-8888
糟屋郡宇美町若草2丁目10-7,0943-30-2882
糟屋郡志免町南里6丁目23-8,092-935-5802
〒811-3432 福岡県宗像市大井1512-1,0940-37-1550
福岡市東区多の津4丁目18-16　ノースビル2階,092-621-1836
福岡県糟屋郡須恵町植木1934-1＜福岡営業所＞,092-936-9335
福岡市博多区諸岡3-10-20,070-3879-3110
福岡市西区羽根戸685-2(施工センター),092-287-7918
福岡市博多区千代4-29-51　河野ビル2階,070-1576-8623
福岡県糟屋郡須恵町大字上須惠42-6,092-938-4840
福岡市早良区飯倉3-38-20,080-5206-4715
福岡市中央区今泉1-12-25,092-413-7231
大野城市御笠川6-2-17,092-504-4520
福岡市東区下原3-23-18,092-672-3598
那珂川市中原5丁目77番地3,092-954-1361
福岡市中央区薬院1-6-9　福岡ニッセイビル203,092-791-1727
福岡市東区蒲田2-37-8,092-691-5517
朝倉市三奈木2480,0946-22-3291
福岡市中央区那の津4-3-6 天神タクシービル,092-761-1661
福岡県那珂川市大字西畑534-4,092-408-8075
福岡市城南区南片江6-5-15　ユースビラ片江101,092-836-8231
糟屋郡宇美町井野432-5,092-934-2682
宗像市徳重三の坪132番5,0940-33-8852
糟屋郡粕屋町甲仲原三丁目5番19号,092-938-2459
福岡市博多区諸岡2-11-19,093-533-0820
大野城市白木原4-5-11,092-581-0386
福岡市西区北原1-12-44(事務所),090-7695-0002
福岡市中央区今泉1-10-7,no number
本社／東京都港区赤坂3-8-15 THE AKASAKA 4F,0120-454-171
福岡市博多区堅粕4丁目24-18,090-9078-8125
福岡県古賀市青柳1067-16,092-940-1680
大野城市南ヶ丘6丁目17-18,090-2966-5520
那珂川市大字成竹576-1,092-408-7071
福岡県糟屋郡須恵町植木1265-69,092-957-7277
〒812-0001　福岡市博多区大井2丁目8番16号,0120-968-680
福岡市東区蒲田4丁目6番1号,092-410-6705
福岡市博多区博多駅前3-16-10　興産ビル2F,092-433-7710
福岡県福岡市博多区千代5-1-28,092-651-7722
古賀市川原966-1,092-942-5656
福岡県糟屋郡宇美町宇美東1-4-7　6-202,090-4347-0828
鳥栖市姫方町329-1,0942-83-6687
福岡市東区箱崎ふ頭5-1-24,092-632-2390
福岡県糟屋郡粕屋町戸原西1丁目8-12,092-939-3028
糟屋郡粕屋町戸原西4-16-1,092-410-4452
福岡市博多区下臼井767-1 福岡空港国内線旅客ターミナル2F,092-611-2359
福岡県糟屋郡須恵町植木1265-69,092-957-7277
福岡市東区箱崎ふ頭5-1-24,092-632-2390
福岡市西区野方3丁目1-5　(本社),092-811-2058
福岡市東区箱崎ふ頭4丁目4-8,092-631-3377
福岡県大野城市仲畑2-8-19　オフィスパレア仲畑Ⅶ4号室,092-502-5505
福岡県大野城市乙金東3丁目10-9　2F,092-985-0115
福岡市博多区千代2-12-5,092-651-0396
福岡県糟屋郡粕屋町戸原西1丁目8-12,092-939-3028
福岡市博多区対馬小路1-6,092-281-2200
直方市大字植木1140-1,0949-52-8900
福岡市東区蒲田4-13-70,092-674-8812
福岡市東区和白丘2-11-17,092-605-7210
春日市昇町4丁目81-2,092-555-4474
福岡市南区大楠1丁目21-10(本社),092-534-8211
福岡市東区社領2丁目21-30,090-7453-2718
糟屋郡志免町南里4丁目7-15,092-410-0365
福岡県福岡市東区多の津4丁目9-1-304,092-409-2316
福岡県糟屋郡須惠町大字植木2047-42,092-931-2720
福岡東サテライトオフィス/糟屋郡久山町大字山田2396-16,0120-150-157
福岡県糟屋郡久山町久原3236　(株)肥後産業内,092-609-9993
福岡市東区箱崎3-9-1,092-651-3003
福岡県大野城市白木原3-10-26　松永テナントA・2F,092-558-9256
福岡県太宰府市水城1-26-15,092-408-7166
福岡市東区松島6-6-30,092-623-2300
福岡市東区箱崎ふ頭4-12-1,092-643-5570
糟屋郡志免町志免931-7,092-409-2780
福岡市南区長住1-1-46,092-553-1270
那珂川市下梶原1丁目6-8,090-8229-7985
糟屋郡宇美町障子岳南5-8-18　江崎商運2F,092-957-6198
福岡市博多区博多駅南3丁目5番地35大蔵マンション502,096-389-5622
大野城市月の浦1丁目18-5B-307,092-589-2299
福岡県大野城市仲畑3-1-8,092-592-5300
福岡県宗像市田野1303,0940-62-4111
福岡県糟屋郡須恵町大字植木1230-1,092-937-3734
福岡市東区箱崎ふ頭5-2-14,092-651-0292
福岡市博多区博多駅前4丁目9-12,092-481-1617
福岡県糟屋郡久山町山田1332-1,092-976-4132
福岡県糟屋郡久山町大字久原3204-1,092-976-4886
那珂川市今光1-115,092-555-3995
福岡県糟屋郡粕屋町柚須162-1(福岡営業所),092-626-7833
福岡県糟屋郡新宮町的野603-5,092-963-2661
福岡市南区花畑2-32-20,092-408-1369
福岡県福岡市中央区赤坂1-13-8　 赤坂ウィングビルB1,0120-848-849
福岡市東区香住ヶ丘1丁目27-45-407号,090-3660-2416
福岡市博多区板付4-11-28,092-582-4866
福岡市南区野間3丁目3-6,092-541-0126
福岡県糟屋郡篠栗町大字乙犬1052-1(本社事務所),092-719-1218
福岡市城南区樋井川5丁目36-36,092-512-2086
福岡市南区大楠1丁目21-10(本社),092-534-8211
本社／福岡県大川市大字郷原410-2,080-5656-4035
大野城市御笠川6-2-17,092-504-4520
福岡市中央区高砂2-24-23,092-533-0020
福岡県糟屋郡久山町久原2904-7,092-652-3636
福岡市東区和白東1-25-9,092-608-8148
福岡県糟屋郡久山町山田1760-1,092-976-1812
古賀市青柳1067-16,092-941-1120
福岡市東区箱崎2-13-5,092-651-7109
福岡市西区戸切2-10-1,092-407-5088
福岡市博多区麦野3-19-16,092-574-1221
筑紫野市二日市北5丁目7番10号,092-919-8730
福岡県春日市宝町1丁目4番　フラワーライフ伯玄ビル1F,092-591-2100
＜運輸事業部＞古賀市米多比1150-1,092-940-3133
福岡県糟屋郡篠栗町大字尾仲697-7,092-947-0349
筑紫野市湯町3丁目8-1,092-919-6131
福岡市南区長住6-10-8,092-554-6645
大野城市白木原4-5-11,092-581-0386
大野城市御笠川5-6-16,092-503-0861
大野城市紫台10-12,080-1700-2377
糟屋郡宇美町若草2丁目10番6号　宇美営業所,090-4481-3486
福岡市東区舞松原2丁目11-3　ファミーユ新盛第2ビル,0940-62-0502
大野城市乙金東3-4-14,092-558-8182
福岡市中央区天神3-4-9　GGソーラービル7F(昭和通り沿い),092-739-1142
福岡市博多区西月隈5-7-30　バンリバーズ11　1号室,092-404-0937
福岡市中央区天神3丁目5-18,092-737-3237
福岡市西区戸切3丁目22-19,092-894-8890
福岡市中央区高砂1丁目7-4,092-526-2000
糟屋郡宇美町大字宇美3381−5,092-632-2390
福岡市東区香椎浜ふ頭2丁目3-17,092-663-9955
福岡市東区東浜2-7-75　東浜ランプ横,092-641-5875
福岡市博多区豊1丁目4番30号　1F,0120-109-399
福岡県筑紫野市塔原東4-5-12,092-924-3215
福岡市中央区薬院2-11-15,092-731-8860
福岡市東区名島3-4-16,092-692-4811
福岡市東区箱崎ふ頭5-2-14,092-651-0292
福岡市西区小戸4-19-20,092-881-0834
大野城市御笠川4-10-4,092-580-8124
鳥栖市村田町字五本松507-36,0942-87-7920
福岡市中央区渡辺通5-20-6,092-751-5811
福岡市東区東浜2-7-75　東浜ランプ横,092-641-5875
福岡市早良区次郎丸4丁目10-55,092-871-9737
福岡市博多区御供所町5-8,092-271-2727
福岡市博多区板付2-7-37　弥生コーポ103号,092-202-0888
福岡市中央区港1-7-3,092-720-6410
〒811-1355　福岡市南区桧原6丁目15-7,no number
福岡市博多区半道橋2-7-45,092-411-7238
遠賀郡岡垣町東山田1-23-7,093-281-1181
福岡市東区下原3-23-18,092-672-3598
宮若市金生2577-2,0949-55-3020
福岡市東区唐原3-9-31(本社),092-986-2651
福岡市東区多の津5丁目27-9,092-611-1240
福岡県福岡市博多区立花寺159,092-707-8690
福岡市東区三苫4-2-36　センタービル1F,092-944-5908
【本社:面接場所】糟屋郡宇美町宇美3426-1,092-692-5310
糟屋郡粕屋町甲仲原三丁目5番19号,092-938-2459
福岡市南区五十川2丁目25-26,092-501-2525
糟屋郡志免町別府4-1-1,092-692-6405
福岡市博多区吉塚8-2-35(福岡営業所 SPセンター),092-477-8805
糟屋郡志免町別府北4-7-1,092-626-8888
福岡市南区向野2丁目1-10　シック向野1F,092-403-6868
福岡市東区雁の巣1丁目7-30,092-607-1211
福岡市西区小戸4-19-20,092-881-0834
福岡市中央区薬院4-2-11　コア‘キラゼビル7階,0120-17-9090
福岡市東区蒲田3-9-19(福岡営業所),092-663-2337
福岡市博多区神屋町3番13号,092-272-1286
福岡県糟屋郡篠栗町大字尾仲697-7,092-947-0349
古賀市青柳1067-16,092-941-1120
古賀市千鳥4-5-12,092-943-3695
糟屋郡志免町別府西1-1-10,092-935-3221
福岡市博多区博多駅東2-8-11第2石橋ビル4-A,0120-300-346
福岡市博多区博多駅東2-18-20　607,080-5263-7955
福岡市南区井尻1-4-22(宮竹小学校近く),092-582-3258
小郡市上岩田字東野田938-1,0949-52-3767
福岡市東区社領3-12-3,092-621-8334
福岡市博多区東那珂2丁目10-55 原まるまん第一ビル101号,092-402-0168
福岡県糟屋郡須恵町新原34-3(須恵物流センター),092-622-2130
福岡市中央区赤坂1-14-22　センチュリー赤坂門ビル5F・6F,0120-121-298
福岡県糟屋郡粕屋町内橋西2丁目20番13号,080-3993-1784
福岡市中央区舞鶴2-4-13　九州DKビル8F,092-771-8976
福岡県糟屋郡久山町久原2904-7,092-652-3636
福岡市東区東浜2丁目8-91　(株)辻野　福岡物流センター3F,092-409-3399
本社／東京都港区赤坂3-8-15 THE AKASAKA 4F,0120-454-171
福岡県糟屋郡須恵町大字植木1480-2(須恵営業所),092-935-3145
福岡市博多区板付5丁目8-27-601,090-3190-7766
春日市惣利2丁目14,092-596-7807
＜運輸事業部＞古賀市米多比1150-1,092-940-3133
〒812-0892 福岡県福岡市博多区東那珂1丁目8-8,092-452-0005
福岡市西区小戸4-19-20,092-881-0834
福岡県糟屋郡久山町大字山田2296-1,092-652-3585
福岡市西区戸切3丁目22-19,092-894-8890
福岡市南区屋形原1-5-3-1,092-710-3797
〒891-9122　鹿児島県大島郡和泊町玉城1761-2,0997-92-1001
福岡支店:福岡市博多区博多駅東2-8-11第2石橋ビル4-A,0120-300-346
福岡市中央区天神2-3-24,096-321-6886
福岡県大野城市乙金1丁目3-1,092-503-1888
福岡市博多区住吉2-21-19,092-271-5745
糟屋郡宇美町貴船1-18-27,090-7452-5171
no address,092-692-5272
福岡県大野城市白木原3-10-26　松永テナントA・2F,092-558-9256
福岡市博多区博多駅前3-16-10　興産ビル2F,092-433-7710
那珂川市大字成竹576-1,092-408-7071
〒815-0075　福岡市南区長丘4丁目4-10(本社),092-561-2576
那珂川市大字上梶原1019-4,092-952-5531
福岡県糟屋郡志免町別府東3丁目1番7号,092-936-1601
福岡市博多区博多駅前3-18-27-1 コスモプラスビル8F,092-451-0722
勤務地/大野城市御笠川2丁目14-1,090-6304-1794
福岡市博多区月隈3丁目522-400,090-8767-2438
本社:〒815-0073福岡市南区大池1-23-37,092-557-3011
福岡市中央区那の津4-3-6 天神タクシービル,092-761-1661
福岡市東区箱崎ふ頭5-2-14,092-651-0292
福岡市早良区昭代3-1-19,092-841-1276
福岡市博多区中洲3-6-19,092-291-4123
太宰府市国分3-10-5,092-408-4014
福岡市東区箱崎2-13-5,092-651-7109
福岡県筑紫野市湯町3丁目8-1,092-919-6131
本社/福岡市東区箱崎ふ頭6-1-1,092-632-8967
糟屋郡宇美町宇美3426-1,092-692-5310
福岡市東区筥松新町1-17,092-621-5251
福岡県福岡市博多区立花寺159,092-707-8690
福岡市東区蒲田4-13-70,092-674-8812
福岡市東区多の津5丁目27-9,092-611-1240
本社/福岡市博多区千代5-21-5　新井ビル1F,092-651-8983
糟屋郡宇美町貴船1-18-27,090-7452-5171
福岡市博多区博多駅南3丁目23-10,092-432-7336
福岡市博多区沖浜町11-27,092-281-6007
福岡県糟屋郡久山町大字山田2296-7(登り尾工業団地内),092-976-3571
福岡市東区箱崎1丁目33-6,090-5471-6325
福岡市早良区西新2-7-8,092-596-7807
福岡県糟屋郡粕屋町内橋西3丁目7番14号,092-692-7641
福岡県鞍手郡鞍手町大字新延1296-8,092-481-2502
福岡県福岡市東区筥松1丁目15番1号,092-624-0691
福岡市西区拾六町3丁目19番20号(事務所),092-891-1182
福岡市西区小戸4-19-20,092-881-0834
福岡県太宰府市大字北谷川久保400-1,092-921-1353
福岡市博多区博多駅前3-7-10,092-431-6706
古賀市小竹22-12,092-944-6901
福岡市博多区中洲中島町1-1,092-283-2800
筑紫野市大字吉木183-1(車庫),092-925-5300
福岡市博多区博多駅前3-9-14　フォロ博多2F,092-451-8544
福岡市博多区那珂1丁目3-37,092-982-0247
福岡県糟屋郡久山町猪野575,092-410-0757
福岡市博多区東雲町4-1-18,0120-88-4404
福岡市南区屋形原1-5-3-1,092-710-3797
福岡市東区箱崎ふ頭5-2-14,092-651-0292
福岡市博多区西月隈4丁目6-7,092-504-6695
福岡県糟屋郡志免町田富1-5-1,092-937-3880
福岡市早良区四箇2丁目7-11　((有)八木工業内),092-400-0830
糟屋郡粕屋町大隈452-3,0942-94-3717
福岡市東区箱崎ふ頭5-2-14,092-651-0292
福岡県那珂川市仲1丁目62,092-952-3482
福岡市南区高宮2-3-6　1F(福岡南支社),092-526-3010
福岡県糟屋郡宇美町井野277-1,092-934-0148
福岡市博多区半道橋2-7-45,092-411-7238
朝倉郡筑前町中牟田838-6　(〒838-0226),0946-42-5514
福岡県糟屋郡久山町大字山田2296-1,092-652-3585
福岡市博多区博多駅東2-8-9,092-477-7717
〒810-0072　福岡市中央区長浜1-1-35　新KBCビル10F,092-738-5502
(本社)〒812-0044　福岡市博多区千代4-29-46　アストール博多ビル6F,092-260-9404
福岡市博多区博多駅南1-3-6　第3博多偕成ビル5F,092-451-6449
〒811-3423　宗像市野坂2648-1　ユアーズプラザ,0940-37-0034
糟屋郡篠栗町尾仲1145番地 グリーンコーポⅡ201号,080-2780-8570
福岡県那珂川市松木4-7-18,092-951-5100
福岡市博多区博多駅南1-4-5　博多駅JSビル3F(福岡支社),093-631-2530
福岡市東区和白丘2-11-17,092-605-7210
福岡市東区蒲田2-37-8,092-691-5517
福岡市西区吉武61-1,092-811-7579
福岡市中央区渡辺通1-1-1　サンセルコビル213号(本社),090-3733-4171
福岡県太宰府市大字北谷949-1,092-928-2514
春日市昇町4丁目81-2,092-555-4474
福岡県太宰府市大字北谷868-32,0120-878-478
福岡市東区名島2-40-1(事務所),092-681-4888
福岡市南区屋形原1-5-3-1,092-710-3797
糟屋郡新宮町夜臼2-9-1,092-405-0465
福岡市博多区中洲5-4-25,092-271-4006
古賀市青柳2811-1,092-719-1602
那珂川市大字成竹576-1,092-408-7071
＜本社＞福岡市早良区野芥3丁目4-2,0120-054-556
福岡東サテライトオフィス/糟屋郡久山町大字山田2396-16,0120-150-157
福岡市西区小戸4-19-20,092-881-0834
筑紫野市大字諸田174-2,080-4279-0348
福岡市東区箱崎ふ頭4丁目4-8,092-631-3377
那珂川市松木4丁目7-8,090-2851-0780
福岡市東区香住ケ丘2-8-27,092-683-1180
福岡市博多区博多駅東3-11-14-701,092-409-2255
糟屋郡粕屋町上大隈661-2,092-409-3588
福岡県朝倉郡筑前町朝日627-4,090-1346-6389
福岡市東区雁の巣1丁目7-30,092-607-1211
福岡県古賀市薬王寺869-4,092-710-9535
大野城市乙金東3-4-14,092-558-8182
福岡県糟屋郡粕屋町戸原西4-7-1(福岡営業所),no number
春日市白水ヶ丘5-68,092-581-3965
福岡市早良区城西2-6-27,092-844-1118
福岡市南区花畑2-32-20,092-408-1369
福岡県糟屋郡久山町大字猪野878-47,092-976-6011
福岡市中央区薬院2-11-15,092-731-8860
福岡市中央区那の津4-3-6 天神タクシービル,092-761-1661
福岡県糟屋郡須恵町植木725-11,092-936-1346
勤務地／福岡県福岡市早良区高取1-1-49,06-6783-8181
福岡市城南区東油山1-8-8,092-864-1017
福岡市中央区那の津4-3-6 天神タクシービル,092-761-1661
古賀市筵内1024-1(福岡営業所),092-663-9955
福岡市博多区板付2-7-37　弥生コーポ103号,092-202-0888
福岡県古賀市薬王寺869-4,092-710-9535
福岡県糟屋郡篠栗町乙犬844-1,092-948-3220
福岡市早良区昭代3-1-19,092-841-1276
古賀市千鳥4-5-12,092-943-3695
福岡市博多区千代4-29-51　河野ビル2階,070-1576-8623
福岡市博多区博多駅中央街5-11 第13泰平ビル9階,092-413-5700
糟屋郡粕屋町戸原西4-16-1,092-410-4452
福岡市東区蒲田4-13-70,092-674-8812
福岡県朝倉郡筑前町上高場1833-1,0946-23-9245
福岡市博多区博多駅前3丁目18-21,092-452-4242
福岡県筑紫野市紫3丁目1-1(二日市営業所),092-622-2130
春日市昇町4丁目81-2,092-555-4474
福岡県福岡市中央区赤坂1-13-8　 赤坂ウィングビルB1,0120-848-849
福岡市南区横手4-7-16(本社),092-558-6143
福岡市中央区大名2-3-10(ハローワーク前),092-741-8889
福岡市中央区天神3丁目5-18,092-737-3236
福岡市早良区早良1丁目1-64,080-6429-0438
本社　福岡市博多区博多駅南1-2-15　事務機ビル8F,092-473-0211
古賀市青柳2811-1,092-719-1602
福岡市博多区博多駅南1-4-5　博多駅JSビル3F(福岡支社),093-631-2530
福岡市中央区天神5丁目4-15-2F,092-260-3550
福岡市東区箱崎ふ頭5-2-14,092-651-0292
福岡県糟屋郡篠栗町乙犬995-2(福岡営業所),092-410-2308
福岡市博多区博多駅東3-3-16　川清ビル3F,0120-150-157
福岡市西区吉武61-1,092-811-7579
福岡県福岡市南区桧原7-43-33,092-564-1372
福岡市東区雁の巣1丁目7-30,092-607-1211
福岡市博多区中洲5-4-25,092-271-4006
古賀市谷山755,092-944-6944
糟屋郡志免町別府西1-1-10,092-935-3221
福岡市西区下山門1-16-29,092-834-7627
糟屋郡篠栗町尾仲1145番地 グリーンコーポⅡ201号,080-2780-8570
福岡市博多区博多駅前2-1-1　朝日ビル地下2階,092-471-9625
糟屋郡粕屋町江辻1046,092-931-7011
【福岡営業所】糟屋郡久山町大字久原字野添3740,0948-25-3358
福岡市中央区渡辺通1-1-1　サンセルコビル213号(本社),090-3733-4171
福岡県糟屋郡篠栗町中央1-4-21　岩下ビル3F,092-947-8553
糟屋郡須恵町大字佐谷397-1,097-588-1702
太宰府市水城2-31-13　山友ビル2F,092-924-5601
滋賀県東近江市今町1208,0120-2180-56
福岡市早良区原4-23-27,092-851-3315
〒815-0033 福岡県福岡市南区大橋1-7-15,092-552-4400
北九州市八幡西区野面735-1,093-618-9500
福岡市西区福重3丁目25-11(本社営業所),092-892-1122
福岡県糟屋郡粕屋町上大隈764番地,092-410-8612
福岡市博多区博多駅前3-16-10　興産ビル2F,092-433-7710
糟屋郡志免町南里6丁目23-8,092-935-5802
福岡県糟屋郡須恵町須恵346-54,080-5212-4466
福岡県福岡市東区筥松1丁目15番1号,092-624-0691
糟屋郡宇美町炭焼1149-3,092-932-8460
福岡市西区上山門1-8-2,092-600-1922
筑紫野市岡田310-1(九州日観植物㈱内),0943-24-5032
福岡市博多区板付1-4-12,092-471-6803
〒815-0075　福岡市南区長丘4丁目4-10(本社),092-561-2576
福岡市博多区下臼井767-1　国内線旅客ターミナルビル 3F,092-629-1052
福岡市西区下山門1-16-29,092-834-7627
福岡市東区香椎駅東2-23-1,0940-42-0018
本社/福岡市東区箱崎ふ頭5-1-19,092-641-9123
福岡市早良区東入部1丁目3-33,092-872-8611
福岡市東区蒲田2丁目41-6,092-691-1551
福岡市博多区博多駅前3-9-14　フォロ博多2F,092-451-8544
福岡市博多区下臼井767-1 福岡空港国内線旅客ターミナル2F,092-611-2359
本社:福岡市中央区桜坂3-4-28　ハイムニュー桜坂2F,0120-088-442
那珂川市大字西畑527番地3,092-952-2201
福岡市中央区笹丘1-11-24-303号,092-791-5341
福岡市早良区野芥2丁目3-1,092-874-5621
福岡県飯塚市潤野1296-104,092-410-4452
福岡県福岡市東区多の津5丁目28-15,092-410-8698
福岡市中央区平尾3丁目25-1,090-8391-6504
福岡県春日市小倉6-11　担当／タカハシ,092-572-5223
福岡市中央区那の津4-8-19,092-738-5310
面接地:大野城市御笠川2-3-17,0120-70-4649
〒812-0013　福岡市博多区博多駅東2-5-37 博多ニッコービル3F,092-481-9641
福岡県糟屋郡志免町南里2丁目11-5,080-3904-2576
飯塚市平恒132-31,0948-21-0301
福岡県太宰府市五条2-22-5,092-555-7399
福岡県糟屋郡粕屋町仲原2546-1(本社),092-611-3151
福岡県糟屋郡須恵町植木725-11,092-936-1346
福岡市南区屋形原1-5-3-1,092-710-3797
福岡市早良区城西2-6-27(本部),092-844-1118
福岡市東区みなと香椎3丁目1-23,090-5055-4432
福岡市博多区吉塚8-2-35(福岡営業所 SPセンター),092-477-8805
福岡市早良区次郎丸4丁目10-55,092-871-9737
飯塚市平恒132-31,0948-21-0301
福岡県大野城市下大利1-19-6-2F,092-980-2473
福岡市南区屋形原4-39-1　国立福岡病院内(勤務地),080-8525-2785
福岡市早良区東入部1丁目3-33,092-872-8611
大野城市乙金東1-1-12,092-504-3711
福岡市南区的場2丁目21番地1号,092-571-1971
福岡県糟屋郡志免町別府北3-7-1,092-623-0613
大野城市御笠川4-10-4,092-580-8124
〒815-0033 福岡県福岡市南区大橋1-7-15,092-552-4400
福岡市中央区那の津4-8-19,092-738-5310
福岡市博多区博多駅東1-10-8　NIKKEN博多駅東ビル6F,0120-955-521
福岡市東区箱崎ふ頭1-4-61 サンセットタワービル,092-292-6768
福岡市早良区四箇5丁目4-1,092-811-7002
福岡市博多区千代1-17-1(受付),080-6459-2219
福岡県那珂川市松木4-7-18,092-951-5100
福岡市博多区豊2-3-50,092-441-2177
福岡市博多区博多駅中央街1-1　博多駅第1ホーム,092-475-9317
福岡市中央区高砂1-16-36,092-524-3248
宮若市金生2577-2,0949-55-3020
久留米市東合川7丁目10-33(久留米営業所),0942-65-4206
糟屋郡久山町久原3174-1,092-651-1222
福岡市博多区博多駅前3-13-1　林英ビル6F,092-474-1281
福岡市中央区那の津4-8-19,092-738-5310
大野城市御笠川5-6-16,092-503-0861
福岡市城南区茶山6-1-36,092-831-8342
福岡市東区松島4-7-32,092-410-8005
福岡市博多区東那珂2丁目10-55 原まるまん第一ビル101号,092-402-0168
福岡県福岡市博多区立花寺159,092-707-8690
福岡県福岡市博多区須崎町6-25,092-262-1136
福岡市東区蒲田3-1-3,092-410-8329
福岡県筑紫野市杉塚1丁目8-5,092-923-1414
福岡市博多区博多駅前2丁目10-12　(博多区役所となり),092-471-6713
福岡県糟屋郡久山町山田1111　トリアス内,092-692-2261
福岡県糟屋郡粕屋町長者原東3丁目3-3,080-5808-2092
福岡市早良区有田4-1-35,092-871-1927
福岡市東区松島1丁目25-13,092-611-7407
古賀市今の庄2-8-28,092-940-4402
福岡市東区箱崎2-13-5,092-651-7109
久留米市東合川7丁目10-33,0942-65-4206
福岡市博多区下臼井767-1　国内線旅客ターミナルビル 3F,092-629-1052
福岡市中央区鳥飼2-7-10(鳥飼2丁目店),092-716-1133
福岡市博多区中洲3-6-19,092-291-4123
福岡県筑紫野市塔原東4-5-12,092-924-3215
福岡県糟屋郡篠栗町乙犬844-1,092-948-3220
糟屋郡新宮町三代882-4,092-962-0531
福岡市博多区博多駅前2-11-22　ライオンズマンションJOY博多405,0120-666-350
福岡市東区蒲田2-37-8,092-691-5517
春日市惣利2-67-2,090-3190-6052
福岡市東区馬出5-12-9,092-651-2153
福岡県宗像市江口1172番地,0940-62-3024
福岡市南区三宅3丁目13-6,092-551-5483
福岡市中央区港3-3-4,092-716-1780
福岡市東区雁の巣1丁目7-30,092-607-1211
福岡市中央区渡辺通5-20-7　上野ビル6階,092-791-8425
福岡市南区屋形原1-5-3-1,092-710-3797
＜本社＞福岡市早良区野芥3丁目4-2,0120-054-556
福岡市博多区下臼井767-1　国内線旅客ターミナルビル 3F,092-629-1052
福岡県福岡市博多区須崎町6-25,092-262-1136
大野城市仲畑1丁目2-10,092-586-1492
福岡市博多区沖浜町11-27,092-281-6007
古賀市糸ケ浦30番地,092-939-5744
福岡市南区柏原1丁目7-29　,092-567-0211
福岡市博多区博多駅南3丁目5番地35大蔵マンション502,096-389-5622
福岡市博多区諸岡2-11-19,093-533-0820
福岡県糟屋郡志免町別府東3丁目1番7号,092-936-1601
那珂川市松木2丁目64,090-3198-8045
福岡市博多区板付1丁目4番31号-701(事務所),070-5275-4239
福岡市博多区御供所町5-8,092-271-2727
福岡市博多区博多駅前2丁目11-4,092-412-7272
福岡市博多区那珂6-26-37,092-682-0831
大野城市乙金東3-4-14,092-558-8182
古賀市谷山755,092-944-6944
宗像市田熊1-1-31(宗像営業所),0940-36-5321
福岡市東区唐原3-9-31(本社),092-986-2651
福岡市東区箱崎ふ頭5-1-19,092-641-9123
福岡県糟屋郡篠栗町大字津波黒381-2,092-931-5025
糟屋郡宇美町若草2丁目10-7,0943-30-2882
福岡県宮若市山口971-1,0949-52-3767
福岡県筑紫野市武蔵5-12-3,090-7923-5676
福岡市西区羽根戸685-2(施工センター),092-287-7918
糟屋郡須恵町大字佐谷397-1,097-588-1702
福岡市中央区天神4-3-8　ミーナ天神地下1階,092-596-7807
福岡県筑紫野市杉塚1丁目8-5,092-923-1414
福岡市東区馬出3-2-21　ゆめタウン近く,092-632-8605
福岡県筑紫野市大字古賀55-4,092-922-3080
福岡市南区五十川2丁目25-26,092-501-2525
福岡県筑紫野市塔原東4-5-12,092-924-3215
福岡県古賀市青柳1067-16,092-940-1680
福岡市東区原田2-17-38,092-623-6066
筑紫野市二日市北5丁目7番10号,092-919-8730
那珂川市中原5丁目77番地3,092-954-1361
福岡市南区花畑2-32-20,092-408-1369
北九州市八幡西区樋口町7番9号,093-622-5105
福岡市東区塩浜1-9-1,092-606-6273
大野城市仲畑1-12-20,092-593-8928
福岡市博多区須崎町7-22-3F(事務所),0120-303-903
福岡県糟屋郡須恵町上須恵1346-1 ジェコス(株)福岡第2工場内,092-932-5234
福岡市早良区野芥2丁目4-1　松栄コーポ102号,090-8394-9299
博多区博多駅中央街5-25,092-413-7231
〒811-2104　糟屋郡宇美町大字井野229-1,092-932-5800
糟屋郡粕屋町戸原東2丁目1-29,092-938-4563
福岡県糟屋郡久山町大字久原3204-1,092-976-4886
福岡市博多区対馬小路1-6,092-281-2200
福岡県糟屋郡粕屋町大字仲原1772-1,092-621-4000
福岡県大野城市仲畑3-1-8,092-592-5300
大野城市御笠川5-6-16,092-503-0861
福岡市博多区西月隈5-7-30　バンリバーズ11　1号室,092-404-0937
福岡市城南区樋井川6丁目23-1,092-863-5511
福岡市中央区港1-7-3,092-720-6410
福岡市東区蒲田2丁目41-6,092-691-1551
福岡県宗像市江口1172番地,0940-62-3024
福岡市博多区博多駅東1丁目9-36,092-474-1121
福岡市早良区重留2丁目4番10号,092-872-8032
福岡県糟屋郡粕屋町上大隈764番地,092-410-8612
福岡市中央区天神1-1-1　アクロス福岡B2F,092-725-9097
福岡県福岡市東区多の津4丁目9-1-304,092-409-2316
福岡市博多区千代5-10-7,0120-3838-05
福岡県糟屋郡久山町久原3236　(株)肥後産業内,092-609-9993
福岡市博多区新和町2丁目1-35(本社),092-571-8671
本社/福岡市東区箱崎ふ頭5-1-19,092-641-9123
滋賀県東近江市今町1208,0120-2180-56
福岡市南区曰佐2丁目27-15　メゾンリビエラ203号,092-565-3777
福岡市中央区赤坂1-14-22　センチュリー赤坂門ビル5F・6F,0120-121-298
福岡市博多区空港前1-3-36,090-1085-7235
福岡県福岡市博多区千代5-1-28,092-651-7722
福岡県筑後市下妻274-1,0944-88-9568
朝倉市三奈木2480,0946-22-3291
筑紫野市大字吉木183-1(車庫),092-925-5300
福岡県福岡市博多区博多駅前2-19-27　九勧博多駅前ビル3F,092-441-6000
福岡市博多区千代1-17-1(受付),080-6459-2219
福岡市博多区博多駅南3丁目23-10,092-432-7336
糟屋郡志免町南里6丁目23-8,092-935-5802
福岡県朝倉郡筑前町上高場1833-1,0946-23-9245
糟屋郡志免町南里4丁目7-15,092-410-0365
福岡県太宰府市大字北谷868-32,0120-878-478
福岡県古賀市米多比林田1322-1,080-3973-3886
福岡県筑紫野市大字古賀926-4,092-921-8400
福岡県糟屋郡篠栗町乙犬844-1,092-948-3220
福岡市博多区西月隈4丁目6-7,092-504-6695
福岡県糟屋郡須恵町大字植木1230-1,092-937-3734
福岡県糟屋郡須恵町須恵716-1,092-410-8698
福岡県大野城市仲畑3-1-8,092-592-5300
福岡市南区大楠1丁目34-1　〒815-0082　,092-521-1331
福岡市西区福重3丁目25-11(本社営業所),092-892-1122
福岡市博多区千代2-12-5,092-651-0396
福岡市博多区那珂4-19-8,092-451-2100
〒812-0061 福岡市東区筥松1丁目15番1号,092-624-0691
【福岡営業所】糟屋郡久山町大字久原字野添3740,0948-25-3358
福岡県糟屋郡志免町別府北3-7-1,092-623-0613
福岡県糟屋郡須恵町大字植木1480-2(須恵営業所),092-935-3145
福岡市博多区麦野5丁目13-38,090-1367-0875
福岡市中央区薬院2-11-15,092-731-8860
糟屋郡志免町別府4-1-1,092-692-6405
福岡市西区上山門1-8-2,092-600-1922
福岡県糟屋郡新宮町的野603-5,092-963-2661
福岡市東区若宮5丁目16-27-202,092-775-1732
福岡県糟屋郡新宮町的野603-5,092-963-2661
福岡市東区みなと香椎3丁目1-23,090-5055-4432
福岡市中央区天神5丁目4-15-2F,092-260-3550
福岡市西区羽根戸193-1-1(本社),090-8350-6620
福岡市東区東浜2-7-75　東浜ランプ横,092-641-5875
糟屋郡粕屋町大字仲原2836-1,092-622-7022
福津市西福間3-17-10　,0120-234-977
福岡市中央区天神1-1-1,092-651-1222
福岡市博多区中洲4-1-14　土肥ビル2F　那珂川沿い,092-271-0536
福岡市東区多の津4丁目18-16　ノースビル2階,092-621-1836
福岡市東区和白東1-25-9,092-608-8148
福岡市博多区新和町2丁目1-35(本社),092-571-8671
福岡市西区下山門1-16-29,092-834-7627
福岡県筑紫野市杉塚1-2-2　オフィスパレアV　B-2,092-586-9273
福岡市博多区東那珂2丁目10-55 原まるまん第一ビル101号,092-402-0168
本社/福岡市博多区千代5-21-5　新井ビル1F,092-651-8983
福岡県糟屋郡粕屋町大字酒殿192-1(イオンモール福岡),096-378-0657
福岡市東区筥松新町1番26号,092-621-3220
糟屋郡志免町志免931-7,092-409-2780
福岡県糟屋郡篠栗町乙犬844-1,092-948-3220
福岡市博多区博多駅前3-13-1　林英ビル6F,092-474-1281
福岡市博多区沖浜町11-27,092-281-6007
福岡市中央区長浜2-3-35(魚市場正門前),092-712-8811
福岡県糟屋郡篠栗町中央1-4-21　岩下ビル3F,092-947-8553
福岡県福岡市東区松島3丁目5-5(福岡営業所),0964-22-3301
福岡市東区箱崎ふ頭1-4-61 サンセットタワービル,092-292-6768
福岡県糟屋郡粕屋町大字上大隈397-1　(粕屋警察署近く),092-410-3220
福岡市中央区薬院1-6-9　福岡ニッセイビル203,092-791-1727
福岡市東区箱崎ふ頭5-1-24,092-632-2390
福岡市南区長住1-1-46,092-553-1270
糟屋郡粕屋町上大隈661-2,092-409-3588
大野城市御笠川2丁目11-22(南営業所),092-558-0573
福岡県福岡市東区多の津5丁目28-15,092-410-8698
福岡市南区塩原4-4-22-202,092-554-6005
福岡市中央区清川2-6-23,092-522-0080
福岡市南区向野2丁目1-10　シック向野1F,092-403-6868
那珂川市大字上梶原1020-1,092-555-5170
筑紫野市二日市南3-2-6,092-521-1331
福岡市博多区博多駅東2-5-1　アーバンネット博多ビル4F,0120-39-3333
福岡市早良区昭代3-1-19,092-841-1276
福岡市東区土井4-28-9,092-581-3965
宗像市徳重三の坪132番5,0940-33-8852
福岡県古賀市薬王寺869-4,092-710-9535
福岡市博多区井相田1-13-5,092-410-4452
福岡市城南区東油山1-8-8,092-864-1017
福岡県糟屋郡須恵町須恵716-1,092-410-8698
三養基郡基山町大字長野380-33,0942-92-8100
福岡市博多区堅粕1-1-6　堅粕団地6棟(博多駅近く),092-432-5515
春日市須玖北2-20　徳洲会病院近く,092-592-6604
福岡県糟屋郡粕屋町内橋西4丁目1-8,092-402-2612
福岡市博多区博多駅前3-7-3-103,092-473-5889
福岡市博多区中洲中島町1-1,092-283-2800
福岡市早良区野芥2丁目3-1,092-874-5621
福岡市東区東浜2-8-91,092-409-2780
福岡県糸島市有田中央2-3-20  (〒819-1127),0120-946-134
福岡市中央区那の津4-3-6 天神タクシービル,092-761-1661
筑紫野市大字諸田174-2,080-4279-0348
福岡県福岡市博多区千代5-1-28,092-651-7722
遠賀郡遠賀町大字鬼津644-3,093-701-6868
福岡県福岡市早良区西新3-2-4　ARKNISHIJIN3階,06-6776-3210
福岡市早良区四箇5丁目4-1,092-811-7002
福岡市博多区博多駅南2丁目1番5号(本社・面接場所),092-482-0644
大野城市仲畑1-21-19,092-501-0077
福岡市東区原田2-17-38,092-623-6066
大野城市御笠川3-15-8,092-504-5861
福岡市西区橋本2-2-1,090-1924-6424
鳥栖市永吉町字セイノオ700-7,0942-84-7007
福岡市中央区笹丘1丁目28-74(勤務地),0942-26-3251
那珂川市松木4丁目7-8,090-2851-0780
福岡県糟屋郡粕屋町内橋西4丁目1-8,092-402-2612
福岡市南区大楠1丁目34-1　〒815-0082　,092-521-1331
福岡市西区福重1-8-1,092-882-7200
福岡市中央区清川2-6-23,092-522-0080
福岡市東区東浜2-7-75　東浜ランプ横,092-641-5875
福岡市博多区美野島1-14-10,090-1970-0767
福岡市博多区博多駅中央街6-11　内田ビル3F(事務所),090-1191-5543
福岡市東区箱崎ふ頭5-1-19,092-641-9123
福岡市博多区諸岡2-11-19,093-533-0820
福岡市博多区博多駅中央街1-1　博多駅第1ホーム,092-475-9317
遠賀郡岡垣町東山田1-23-7,093-281-1181
福岡県福岡市東区多の津5丁目28-15,092-410-8698
福岡市博多区須崎町1-1,092-283-2000
福岡市東区箱崎ふ頭4-12-1,092-643-5570
福岡市博多区山王1丁目18-27,090-3325-7061
福岡市東区筥松新町1番26号,092-621-3220
福岡市東区松島1丁目25-13,092-611-7407
福岡県大野城市仲畑2-8-19　オフィスパレア仲畑Ⅶ4号室,092-502-5505
福岡市西区福重1-8-1,092-882-7200
福岡市博多区麦野3-19-16,092-574-1221
福岡市西区羽根戸193-1-1(本社),090-8350-6620
福岡市中央区大宮1丁目2-6,092-521-6536
面接地:大野城市御笠川2-3-17,0120-70-4649
福岡県糟屋郡久山町大字山田2296-7(登り尾工業団地内),092-976-3571
福岡県糟屋郡久山町大字猪野878-47,092-976-6011
大野城市御笠川3丁目10-2,092-504-2254
福岡県筑紫野市杉塚1-2-2　オフィスパレアV　B-2,092-586-9273
福岡県糟屋郡久山町久原2904-7,092-652-3636
〒812-0061 福岡市東区筥松1丁目15番1号,092-624-0691
福岡市博多区空港前1-3-36,090-1085-7235
福岡市博多区金の隈2-17-11,092-503-7445
福岡県糟屋郡粕屋町大字上大隈397-1　(粕屋警察署近く),092-410-3220
福岡市城南区東油山1-8-8,092-864-1017
福岡市博多区綱場町3-11　明治通り土居町バス停スグ,092-282-7021
〒812-0001　福岡市博多区大井2丁目8番16号,0120-968-680
福岡市西区拾六町2丁目2番15号,092-894-2306
福岡市博多区須崎町1-1,092-283-2000
那珂川市大字上梶原1019-4,092-952-5531
福岡県筑紫野市天山673-1,092-408-2165
福岡県糟屋郡粕屋町内橋西2丁目20番13号,080-3993-1784
福岡市博多区博多駅前4丁目24-24,092-474-8170
面接地:大野城市御笠川2-3-17,0120-70-4649
福岡市博多区諸岡2-12-38,0120-694-555
筑紫野市湯町3丁目8-1,092-919-6131
福岡市早良区四箇2丁目7-11,092-400-0830
福岡市博多区博多駅前3-13-1　林英ビル6F,092-474-1281
糟屋郡志免町別府西1-1-10,092-935-3221
福岡市東区東浜2丁目8-91　(株)辻野　福岡物流センター3F,092-409-3399
福岡県糟屋郡篠栗町乙犬830-1,092-938-7825
大野城市御笠川6-2-17,092-504-4520
福岡県糟屋郡志免町志免1丁目6-12,090-9603-5498
福岡市博多区博多駅前2-19-27　九勧博多駅前ビル2F,092-441-6000
福岡市東区箱崎ふ頭6-9-6,092-643-2308
福岡市西区下山門1-2-1,092-885-1570
福岡県太宰府市北谷952,092-408-8811
福岡市東区蒲田2-37-8,092-691-5517
福岡県糟屋郡須恵町大字植木786-2,092-957-8115
福岡市博多区豊2-3-59,092-413-8588
糟屋郡粕屋町柚須69-1 柚須倉庫F-1,090-2392-8008
福岡市博多区博多駅東1-10-8　NIKKEN博多駅東ビル6F,0120-955-521
福岡市東区松島5-4-12-1,092-611-6411
本社:福岡県大野城市御笠川3丁目15-10,0120-573-212
本社:福岡県大野城市御笠川3丁目15-10,0120-573-212
〒816-8530　福岡県大野城市上大利5丁目21-1,092-596-4391
福岡市城南区東油山1-8-8,092-864-1017
福岡県宗像市田野1303,0940-62-4111
福岡市東区松島3丁目18番1号,092-612-1101
福岡市博多区博多駅前3-23-17　第2福岡ONビル2階,092-433-7755
福岡市博多区千代1-17-1(受付),080-6459-2219
糟屋郡新宮町三代882-4,092-962-0531
福岡県大野城市下大利1-19-6-2F,092-980-2473
糟屋郡宇美町炭焼1149-3,092-932-8460
糟屋郡宇美町障子岳6丁目12-23,092-932-1254
太宰府市大佐野5丁目14番33号　,092-922-2526
古賀市今の庄2-8-28,092-940-4402
福岡市中央区薬院4-2-11　コア‘キラゼビル7階,0120-17-9090
筑紫野市大字永岡1021-2　西邦ビル302(福岡営業所),080-8525-2785
福岡市博多区東光寺町1-2-13,092-451-2233
福岡市博多区板付4-11-28,092-582-4866
福岡県糟屋郡粕屋町大字仲原1772-1,092-621-4000
福岡市東区箱崎ふ頭5-2-14,092-651-0292
福岡市西区石丸3丁目1-1,092-881-2430
福岡県糟屋郡粕屋町仲原2546-1(本社),092-611-3151
博多区博多駅中央街5-25,092-413-7231
糟屋郡宇美町宇美3426-1,092-692-5310
〒812-0061 福岡市東区筥松1丁目15番1号,092-624-0691
鳥栖市永吉町字セイノオ700-7,0942-84-7007
福岡市西区拾六町2丁目2番15号,092-894-2306
大野城市御笠川4-10-4,092-580-8124
福岡市東区蒲田4丁目6番1号,092-410-6705
福岡市早良区四箇6-26-4,090-3078-4663
福岡市東区松島5-4-12-1,092-611-6411
福岡市東区松島6丁目15-12(勤務地・面接地),092-621-5678
〒812-0041　福岡市博多区吉塚4-3-34　サンヴュープロス　コーエイシステム4号,092-612-5231
福岡市早良区荒江3丁目26-26　事務所:熊本市中央区帯山7丁目9-88,070-1254-9524
福岡市早良区野芥2丁目3-1,092-874-5621
福岡県筑紫野市山家3730-81,092-919-8730
福岡市東区箱崎ふ頭4-1-35,092-632-2148
飯塚市大字津島281-82,0948-29-7060
糟屋郡宇美町神武原4-3-1,092-931-0870
福岡市早良区飯倉3-38-20,080-5206-4715
